                            /* To create database */
                            
create database sports_team_management;
use sports_team_management;

/* We are going to create a project on sports team management system , the table needed are sports, sportrophy, coaches, teams, players, matches, trainingsessions, scores */

                            /* Create an sports table*/
create table sports (
Sports_id varchar(30) primary key, 
Sports_Name varchar(30)
);

							/*Insert values into sports table*/
insert into sports values ('CKT', 'CRICKET'), ('kBDI', 'KABADDI');

							/*Create an sportrophy table*/
create table sportrophy (
Sports_id varchar(30), 
Sport_Trophy varchar(30), 
foreign key(Sports_id) references sports(Sports_id)
);

							/*Insert values into sportrophy*/
INSERT INTO SPORTROPHY (SPORTS_ID, SPORT_TROPHY)  VALUES ('CKT', 'IPL'), ('CKT', 'WORLD CUP'), ('KBDI','WORLD CUP');

							/*Create an Coaches table*/
create table coaches (
Coach_id int auto_increment primary key, 
Coach_name varchar(30), 
Experince_years int);

							/* Insert selected columns to coaches table*/
INSERT INTO COACHES (COACH_ID, COACH_NAME) VALUES (001, 'STEPHEN FLEMING'), (002,'MAHELA JAYAWARDENE'), (003, 'CHANDRAKANT PANDIT'), (004,'DANIEL VETTORI'),(005,'ANDY FLOWER'), (006,'HEMANG BADANI'), (007,'RICKY PONTING'), (008,'RAHUL DRAVID'), (009,'ASHISH NEHRA'), (010,'JUSTIN LANGER');

							/*Update some values to the coaches table*/
update coaches set experince_years = 2009 where coach_id = 1;
update coaches set experince_years = 2017 where coach_id = 2;
update coaches set experince_years = 2022 where coach_id = 3;
update coaches set experince_years = 2014 where coach_id = 4;
update coaches set experince_years = 2009 where coach_name = 'andy flower' ;
update coaches set experince_years = 2025 where coach_id = 6;
update coaches set experince_years = 2013 where coach_id = 7;
update coaches set experince_years = 2016 where coach_id = 8;
update coaches set experince_years = 2022 where coach_name = 'ASHISH NEHRA';
update coaches set experince_years = 2012 where coach_id = 10;

							/* Create an Teams table*/
create table teams (
Sports_id varchar(30),
Team_id varchar(30) not null primary key, 
Team_name varchar(30) Unique, 
Coach_id int,
Founded_year int, 
Home_ground varchar(30), 
foreign key (Coach_id) references coaches(Coach_id), 
foreign key(Sports_id) References sports(Sports_id)
);

							/*Insert values to Teams table*/
insert into teams (sports_id, team_id, team_name, coach_id, founded_year, home_ground) values 
('CKT', 'CSK', 'CHENNAI SUPER KINGS', 001, 2008, 'M.A. CHIDAMBARAM STADIUM, CHENNAI'),
('CKT', 'MI', 'MUMBAI INDIANS', 002, 2008, 'WANKHEDE STADIUM, MUMBAI'),
('CKT', 'KKR', 'KOLKATA KNIGHT RIDERS', 003, 2008, 'EDEN GARDENS, KOLKATA'),
('CKT', 'SRH', 'SUNRISERS HYDERABAD', 004, 2012,'RAJIV GANDHI INTERNATIONAL STADIUM, HYDERABAD'),
('CKT', 'RCB','ROYAL CHALLENGERS BANGALORE', 005, 2008, 'M. CHINNSWAMY STADIUM, BENGALURU'),
('CKT', 'DC', 'DELHI CAPITALS', 006, 2008, 'ARUN JAITELY STADUM, NEW DELHI'),
('CKT', 'PK', 'PUNJAB KINGS', 007, 2008, 'MAHARAJA YADAVINDRA SINGH INTERNATIONAL CRICKET STADIUM, PUNJAB'),
('CKT', 'RR', 'RAJASTAN ROYALS', 008, 2008, 'SAWAI MANSINGH STADIUM, JAIPUR'),
('CKT', 'GT', 'GUJARAT TITANS', 009, 2021, 'NARENDRA MODI STADIUM, AHEMEDABAD'),
('CKT', 'LSG', 'LUCKNOW SUPER JAINTS', 010, 2021, 'BRSABV EKANA STADIUM, LUCKNOW');

							/*Alter the column Home_ground datatype that has more characters*/
ALTER TABLE TEAMS CHANGE HOME_GROUND Home_Ground varchar(100);

							/*Create players table*/
create table players (
Player_id int auto_increment primary key, 
Player_name varchar(50) not null, 
Team_id varchar(30),
Age int, 
Position varchar (30), 
Nationality varchar(30), 
foreign key (Team_id) references teams (Team_id)
);

							/*Alter columns that player id starting number should be '1001' and nationality should be default indian*/
ALTER TABLE PLAYERS CHANGE Player_id Player_id INT auto_increment, auto_increment= 1001;
ALTER TABLE PLAYERS CHANGE NATIONALITY Nationality varchar(30) DEFAULT 'INDIAN';

							/*Insert values to players table*/
insert INTO PLAYERS (PLAYER_NAME, TEAM_ID, AGE, POSITION, NATIONALITY) VALUES 
('RUTURAJ GUIKWAD (C)', 'CSK', 28, 'BATTER', 'INDIAN'),
( 'MS DHONI', 'CSK', 43, 'WICKETKEEPER-BATTER', 'INDIAN'),
( 'DEVON CONVEY', 'CSK', 33, 'BATTER', 'NEW ZEALAND'),
( 'RAHUL TRIPATHI', 'CSK', 34, 'BATTER', 'INDUAN'),
( 'SHAIK RASHEED', 'CSK', 20, 'BATTER', 'INDIAN'),
( 'VANSH BEDI', 'CSK', 22, 'WICKETKEEPER-BATTER', 'INDIAN'),
( 'ANDRE SIDDHARTH', 'CSK', 18, 'BATTER', 'INDIAN'),
( 'RAVICHANDRAN ASHWIN', 'CSK', 38, 'ALL ROUNDER', 'INDIAN'),
( 'RAVINDRA JADEJA', 'CSK', 36, 'ALL ROUNDER', 'INDIAN'),
( 'VIJAY SHANKAR', 'CSK', 34, 'ALL ROUNDER', 'INDIAN'),
('SHIVAM DUBE', 'CSK', 31, 'ALL ROUNDER', 'INDIAN'),
( 'DEEPAK HOODA', 'CSK', 29, 'ALL ROUNDER', 'INDIAN'),
( 'RAMAKRISHNA GHOSH', 'CSK', 27, 'ALL ROUNDER', 'INDIAN'),
( 'SAM CURRAN', 'CSK', 26, 'ALL ROUNDER', 'ENGLAND'),
( 'RACHIN RAVINDRA', 'CSK', 25, 'ALL ROUNDER', 'NEW ZEALAND'),
( 'ANSHUL KAMBOJ', 'CSK', 24, 'ALL ROUNDER', 'INDIAN'),
( 'SHREYAS GOPAL', 'CSK', 31, 'SPIN BOWLER', 'INDIAN'),
( 'NOOR AHMAD', 'CSK', 20, 'SPIN BOWLER', 'AFGHANISTAN'),
( 'JAMIE OVERTON', 'CSK', 30, 'PACE BOWLER', 'ENGLAND'),
( 'NATHAN ELLIS', 'CSK', 30, 'PACE BOWLER', 'AUSTRALIA'),
( 'MUKESH CHOUDHARY', 'CSK', 28,'PACE BOWLER', 'INDIAN'),
( 'KHALEEL AHMED', 'CSK', 27, 'PACE BOWLER', 'INDIAN'),
( 'GURJAPNEET', 'CSK', 27, 'PACE BOWLER', 'INDIAN'),
( 'KAMLESH NAGARKOTI', 'CSK', 25, 'PACE BOWLER', 'INDIAN'),
( 'MATHEESHA PATHIRANA', 'CSK', 22, 'PACE BOWLER', 'SRI LANKA'),
('TILAK VARMA', 'MI', 22, 'BATTER', 'INDIAN'),
('HARDIK PANDYA (C)', 'MI', 31, 'ALL-ROUNDER', 'INDIAN'),
('ROHIT SHARMA', 'MI', 37, 'BATTER', 'INDIAN'),
('SURYAKUMAR YADAV', 'MI', 34, 'BATTER', 'INDIAN'),
('JASPRIT BUMRAH', 'MI', 31, 'BOWLER', 'INDIAN'),
('ARJUN TENDULKAR', 'MI', 25, 'ALL-ROUNDER', 'INDIAN'),
('ASHWANI KUMAR','MI', 23,'BOWLER','INDIAN'),
('BEVON JACOBS', 'MI', 22, 'BATTER', 'SOUTH AFRICAN'),
('CORBIN BOSCH','MI', 30, 'ALL-ROUNDER', 'SOUTH AFRICAN'),
('DEEPAK CHAHAR', 'MI', 32, 'BOWLER', 'INDIAN'),
('KARN SHARMA', 'MI', 37, 'BOWLER', 'INDIAN'),
('KL SHRIJITH', 'MI', 28, 'WICKET-KEEPER', 'INDIAN'),
('LIZAAD WILLIAMS', 'MI', 31, 'BOWLER', 'SOUTH AFRICAN'),
('MITCHELL SANTNER', 'MI', 33, 'ALL-ROUNDER', 'NEW ZEALANDER'),
('MUJEEB UR RAHMAN', 'MI', 23, 'BOWLER', 'AFGHAN'),
('NAMAN DHIR', 'MI', 25, 'ALL-ROUNDER', 'INDIAN'),
('RAJ ANGAD BAWA', 'MI',  22, 'ALL-ROUNDER', 'INDIAN'),
('REECE TOPLEY', 'MI', 31, 'BOWLER', 'ENGLISH'),
('ROBIN MINZ', 'MI', 22, 'WICKET-KEEPER', 'INDIAN'),
('RYAN RICKELTON', 'MI', 28, 'WICKET-KEEPER', 'SOUTH AFRICAN'),
('SATYANARAYANA RAJU', 'MI', 25, 'ALL-ROUNDER', 'INDIAN'),
('VIGNESH PUTHUR', 'MI', 24, 'ALL-ROUNDER', 'INDIAN'),
('WILL JACKS', 'MI', 26, 'ALL-ROUNDER', 'ENGLISH'),
('AXAR PATEL', 'DC', 31, 'ALL-ROUNDER', 'INDIAN'),
('KL RAHUL', 'DC', 32, 'WICKET-KEEPER BATTER', 'INDIAN'),
('FAF DU PLESSIS', 'DC', 40, 'BATTER', 'SOUTH AFRICAN'),
('JAKE FRASER-MCGURK', 'DC', 22, 'BATTER', 'AUSTRALIAN'),
('KARUN NAIR', 'DC', 33, 'BATTER', 'INDIAN'),
('DONOVAN FERREIRA', 'DC', 26, 'WICKET-KEEPER BATTER', 'SOUTH AFRICAN'),
('ABISHEK POREL', 'DC', 22, 'WICKET-KEEPER BATTER', 'INDIAN'),
('TRISTAN STUBBS', 'DC', 24, 'WICKET-KEEPER BATTER', 'SOUTH AFRICAN'),
('ASHUTOSH SHARMA', 'DC', 26, 'BATTER', 'INDIAN'),
('SAMEER RIZVI', 'DC', 21, 'BATTER', 'INDIAN'),
('VIPRAJ NIGAM', 'DC', 20, 'ALL-ROUNDER', 'INDIAN'),
('DARSHAN NALKANDE', 'DC', 26, 'ALL-ROUNDER', 'INDIAN'),
('MADHAV TIWARI', 'DC', 21, 'ALL-ROUNDER', 'INDIAN'),
('MANVANTH KUMAR L', 'DC', 21, 'ALL-ROUNDER', 'INDIAN'),
('TRIPURANA VIJAY', 'DC', 23, 'ALL-ROUNDER', 'INDIAN'),
('AJAY MANDAL', 'DC', 29, 'ALL-ROUNDER', 'INDIAN'),
('MITCHELL STARC', 'DC', 35, 'BOWLER', 'AUSTRALIAN'),
('T NATARAJAN', 'DC', 33, 'BOWLER', 'INDIAN'),
('MUKESH KUMAR', 'DC', 31, 'BOWLER', 'INDIAN'),
('MOHIT SHARMA', 'DC', 37, 'BOWLER', 'INDIAN'),
('DUSHMANTHA CHAMEERA', 'DC', 33, 'BOWLER', 'SRI LANKAN'),
('KULDEEP YADAV', 'DC', 30, 'BOWLER', 'INDIAN'),
('AJINKYA RAHANE', 'KKR', 35, 'BATTER', 'INDIAN'),
('RINKU SINGH', 'KKR', 26, 'BATTER', 'INDIAN'),
('MANISH PANDEY', 'KKR', 34, 'BATTER', 'INDIAN'),
('ANGKRISH RAGHUVANSHI', 'KKR', 21, 'BATTER', 'INDIAN'),
('QUINTON DE KOCK', 'KKR', 31, 'WICKET-KEEPER BATTER', 'SOUTH AFRICAN'),
('RAHMANULLAH GURBAZ', 'KKR', 22, 'WICKET-KEEPER BATTER', 'AFGHAN'),
('LUVNITH SISODIA', 'KKR', 24, 'WICKET-KEEPER BATTER', 'INDIAN'),
('VENKATESH IYER', 'KKR', 29, 'ALL-ROUNDER', 'INDIAN'),
('SUNIL NARINE', 'KKR', 36, 'ALL-ROUNDER', 'WEST INDIAN'),
('ANDRE RUSSELL', 'KKR', 36, 'ALL-ROUNDER', 'WEST INDIAN'),
('MOEEN ALI', 'KKR', 37, 'ALL-ROUNDER', 'ENGLISH'),
('ANUKUL ROY', 'KKR', 26, 'ALL-ROUNDER', 'INDIAN'),
('RAMANDEEP SINGH', 'KKR', 27, 'ALL-ROUNDER', 'INDIAN'),
('ROVMAN POWELL', 'KKR', 30, 'ALL-ROUNDER', 'WEST INDIAN'),
('ANRICH NORTJE', 'KKR', 31, 'BOWLER', 'SOUTH AFRICAN'),
('VAIBHAV ARORA', 'KKR', 27, 'BOWLER', 'INDIAN'),
('HARSHIT RANA', 'KKR', 23, 'BOWLER', 'INDIAN'),
('CHETAN SAKARIYA', 'KKR', 26, 'BOWLER', 'INDIAN'),
('SPENCER JOHNSON', 'KKR', 28, 'BOWLER', 'AUSTRALIAN'),
('UMRAN MALIK', 'KKR', 25, 'BOWLER', 'INDIAN'),
('VARUN CHAKRAVARTHY', 'KKR', 33, 'BOWLER', 'INDIAN'),
('MAYANK MARKANDE', 'KKR', 26, 'BOWLER', 'INDIAN'),
('ABDUL SAMAD', 'SRH', 22, 'BATTER', 'INDIAN'),
('AIDEN MARKRAM', 'SRH', 29, 'BATTER', 'SOUTH AFRICAN'),
('RAHUL TRIPATHI', 'SRH', 33, 'BATTER', 'INDIAN'),
('MAYANK AGARWAL', 'SRH', 34, 'BATTER', 'INDIAN'),
('TRAVIS HEAD', 'SRH', 31, 'BATTER', 'AUSTRALIAN'),
('HENRICH KLAASEN', 'SRH', 32, 'WICKET-KEEPER BATTER', 'SOUTH AFRICAN'),
('GLENN PHILLIPS', 'SRH', 28, 'WICKET-KEEPER BATTER', 'NEW ZEALANDER'),
('UPENDRA YADAV', 'SRH', 27, 'WICKET-KEEPER BATTER', 'INDIAN'),
('WASHINGTON SUNDAR', 'SRH', 25, 'ALL-ROUNDER', 'INDIAN'),
('MARCO JANSEN', 'SRH', 24, 'ALL-ROUNDER', 'SOUTH AFRICAN'),
('SANVIR SINGH', 'SRH', 27, 'ALL-ROUNDER', 'INDIAN'),
('ABHISHEK SHARMA', 'SRH', 24, 'ALL-ROUNDER', 'INDIAN'),
('PAT CUMMINS', 'SRH', 31, 'BOWLER', 'AUSTRALIAN'),
('BHUVNESHWAR KUMAR', 'SRH', 34, 'BOWLER', 'INDIAN'),
('UMRAN MALIK', 'SRH', 25, 'BOWLER', 'INDIAN'),
('T NATARAJAN', 'SRH', 33, 'BOWLER', 'INDIAN'),
('FAZALHAQ FAROOQI', 'SRH', 25, 'BOWLER', 'AFGHAN'),
('MAYANK MARKANDE', 'SRH', 26, 'BOWLER', 'INDIAN'),
('JHATAN SAKARIA', 'SRH', 28, 'BOWLER', 'INDIAN'),
('AKASH SINGH', 'SRH', 24, 'BOWLER', 'INDIAN'),
('ANKIT RAJPOOT', 'SRH', 30, 'BOWLER', 'INDIAN'),
('VIVRANT SHARMA', 'SRH', 24, 'ALL-ROUNDER', 'INDIAN'),
('RAJAT PATIDAR', 'RCB', 31, 'BATTER', 'INDIAN'),
('VIRAT KOHLI', 'RCB', 36, 'BATTER', 'INDIAN'),
('DEVDDUT PADIKKAL', 'RCB', 24, 'BATTER', 'INDIAN'),
('SWASTIK CHIKARA', 'RCB', 19, 'BATTER', 'INDIAN'),
('PHIL SALT', 'RCB', 28, 'WICKET-KEEPER BATTER', 'ENGLISH'),
('JITESH SHARMA', 'RCB', 31, 'WICKET-KEEPER BATTER', 'INDIAN'),
('LIAM LIVINGSTONE', 'RCB', 31, 'ALL-ROUNDER', 'ENGLISH'),
('KRUNAL PANDYA', 'RCB', 34, 'ALL-ROUNDER', 'INDIAN'),
('TIM DAVID', 'RCB', 29, 'ALL-ROUNDER', 'SINGAPOREAN'),
('JACOB BETHELL', 'RCB', 21, 'ALL-ROUNDER', 'BARBADIAN'),
('ROMARIO SHEPHERD', 'RCB', 30, 'ALL-ROUNDER', 'WEST INDIAN'),
('SWAPNIL SINGH', 'RCB', 34, 'ALL-ROUNDER', 'INDIAN'),
('MANOJ BHANDAGE', 'RCB', 26, 'ALL-ROUNDER', 'INDIAN'),
('MOHIT RATHEE', 'RCB', 26, 'ALL-ROUNDER', 'INDIAN'),
('JOSH HAZLEWOOD', 'RCB', 34, 'BOWLER', 'AUSTRALIAN'),
('BHUVNESHWAR KUMAR', 'RCB', 35, 'BOWLER', 'INDIAN'),
('RASIKH SALAM', 'RCB', 24, 'BOWLER', 'INDIAN'),
('YASH DAYAL', 'RCB', 27, 'BOWLER', 'INDIAN'),
('NUWAN THUSHARA', 'RCB', 30, 'BOWLER', 'SRI LANKAN'),
('LUNGI NGIDI', 'RCB', 29, 'BOWLER', 'SOUTH AFRICAN'),
('ABHINANDAN SINGH', 'RCB', 28, 'BOWLER', 'INDIAN'),
('SUYASH SHARMA', 'RCB', 21, 'BOWLER', 'INDIAN'),
('SHREYAS IYER', 'PK', 30, 'BATTER', 'INDIAN'),
('PRIYANSH ARYA', 'PK', 24, 'BATTER', 'INDIAN'),
('PYLA AVINASH', 'PK', 24, 'BATTER', 'INDIAN'),
('HARNOOR SINGH', 'PK', 22, 'BATTER', 'INDIAN'),
('NEHAL WADHERA', 'PK', 24, 'BATTER', 'INDIAN'),
('JOSH INGLIS', 'PK', 30, 'WICKET-KEEPER BATTER', 'AUSTRALIAN'),
('PRABHSIMRAN SINGH', 'PK', 24, 'WICKET-KEEPER BATTER', 'INDIAN'),
('VISHNU VINOD', 'PK', 31, 'WICKET-KEEPER BATTER', 'INDIAN'),
('GLENN MAXWELL', 'PK', 36, 'ALL-ROUNDER', 'AUSTRALIAN'),
('MARCUS STOINIS', 'PK', 35, 'ALL-ROUNDER', 'AUSTRALIAN'),
('HARPREET BRAR', 'PK', 29, 'ALL-ROUNDER', 'INDIAN'),
('MARCO JANSEN', 'PK', 24, 'ALL-ROUNDER', 'SOUTH AFRICAN'),
('AZMATULLAH OMARZAI', 'PK', 25, 'ALL-ROUNDER', 'AFGHAN'),
('PRIYANSH ARYA', 'PK', 24, 'ALL-ROUNDER', 'INDIAN'),
('AARON HARDIE', 'PK', 26, 'ALL-ROUNDER', 'AUSTRALIAN'),
('MUSHEER KHAN', 'PK', 20, 'ALL-ROUNDER', 'INDIAN'),
('SURYANSH SHEDGE', 'PK', 22, 'ALL-ROUNDER', 'INDIAN'),
('ARSHDEEP SINGH', 'PK', 26, 'BOWLER', 'INDIAN'),
('XAVIER BARTLETT', 'PK', 26, 'BOWLER', 'AUSTRALIAN'),
('YUZVENDRA CHAHAL', 'PK', 34, 'BOWLER', 'INDIAN'),
('PRAVEEN DUBEY', 'PK', 31, 'BOWLER', 'INDIAN'),
('LOCKIE FERGUSON', 'PK', 33, 'BOWLER', 'NEW ZEALANDER'),
('KULDEEP SEN', 'PK', 28, 'BOWLER', 'INDIAN'),
('VIJAYKUMAR VYSHAK', 'PK', 28, 'BOWLER', 'INDIAN'),
('YASH THAKUR', 'PK', 26, 'BOWLER', 'INDIAN'),
('SANJU SAMSON', 'RR', 30, 'WICKETKEEPER BATTER', 'INDIAN'),
('YASHASVI JAISWAL', 'RR', 23, 'BATTER', 'INDIAN'),
('RIYAN PARAG', 'RR', 23, 'ALL-ROUNDER', 'INDIAN'),
('DHRUV JUREL', 'RR', 24, 'WICKETKEEPER BATTER', 'INDIAN'),
('SHIMRON HETMYER', 'RR', 28, 'BATTER', 'WEST INDIAN'),
('SANDEEP SHARMA', 'RR', 31, 'BOWLER', 'INDIAN'),
('JOFRA ARCHER', 'RR', 29, 'BOWLER', 'ENGLISH'),
('WANINDU HASARANGA', 'RR', 27, 'ALL-ROUNDER', 'SRI LANKAN'),
('MAHEESH THEEKSHANA', 'RR', 24, 'BOWLER', 'SRI LANKAN'),
('TUSHAR DESHPANDE', 'RR', 29, 'BOWLER', 'INDIAN'),
('FAZALHAQ FAROOQI', 'RR', 24, 'BOWLER', 'AFGHAN'),
('NITISH RANA', 'RR', 31, 'BATTER', 'INDIAN'),
('KUMAR KARTIKEYA', 'RR', 27, 'BOWLER', 'INDIAN'),
('AKASH MADHWAL', 'RR', 31, 'BOWLER', 'INDIAN'),
('ASHOK SHARMA', 'RR', 22, 'BOWLER', 'INDIAN'),
('KWENA MAPHAKA', 'RR', 18, 'BOWLER', 'SOUTH AFRICAN'),
('KUNAL SINGH RATHORE', 'RR', 22, 'WICKETKEEPER BATTER', 'INDIAN'),
('SHUBHAM DUBEY', 'RR', 30, 'BATTER', 'INDIAN'),
('YUDHVIR SINGH', 'RR', 27, 'ALL-ROUNDER', 'INDIAN'),
('VAIBHAV SURYAVANSHI', 'RR', 13, 'BATTER', 'INDIAN'),
('SHUBMAN GILL', 'GT', 25, 'BATTER', 'INDIAN'),
('JOS BUTTLER', 'GT', 34, 'WICKETKEEPER BATTER', 'ENGLISH'),
('KUMAR KUSHAGRA', 'GT', 21, 'WICKETKEEPER BATTER', 'INDIAN'),
('ANUJ RAWAT', 'GT', 25, 'WICKETKEEPER BATTER', 'INDIAN'),
('SHERFANE RUTHERFORD', 'GT', 27, 'BATTER', 'WEST INDIAN'),
('GLENN PHILLIPS', 'GT', 28, 'BATTER', 'NEW ZEALANDER'),
('SAI SUDHARSAN', 'GT', 23, 'BATTER', 'INDIAN'),
('SHARUKH KHAN', 'GT', 29, 'BATTER', 'INDIAN'),
('RAHUL TEWATIA', 'GT', 31, 'ALL-ROUNDER', 'INDIAN'),
('RASHID KHAN', 'GT', 26, 'BOWLER', 'AFGHAN'),
('MOHAMMED SIRAJ', 'GT', 31, 'BOWLER', 'INDIAN'),
('KAGISO RABADA', 'GT', 30, 'BOWLER', 'SOUTH AFRICAN'),
('GERALD COETZEE', 'GT', 24, 'BOWLER', 'SOUTH AFRICAN'),
('WASHINGTON SUNDAR', 'GT', 25, 'ALL-ROUNDER', 'INDIAN'),
('SAI KISHORE', 'GT', 28, 'BOWLER', 'INDIAN'),
('RISHABH PANT', 'LSG', 27, 'WICKETKEEPER BATTER', 'INDIAN'),
('NICHOLAS POORAN', 'LSG', 29, 'WICKETKEEPER BATTER', 'WEST INDIAN'),
('DAVID MILLER', 'LSG', 35, 'BATTER', 'SOUTH AFRICAN'),
('AIDEN MARKRAM', 'LSG', 30, 'BATTER', 'SOUTH AFRICAN'),
('ARYAN JUYAL', 'LSG', 23, 'WICKETKEEPER BATTER', 'INDIAN'),
('HIMMAT SINGH', 'LSG', 28, 'BATTER', 'INDIAN'),
('MATTHEW BREETZKE', 'LSG', 27, 'BATTER', 'SOUTH AFRICAN'),
('MITCHELL MARSH', 'LSG', 33, 'ALL-ROUNDER', 'AUSTRALIAN'),
('AYUSH BADONI', 'LSG', 25, 'ALL-ROUNDER', 'INDIAN'),
('SHARUL THAKUR', 'LSG', 33, 'ALL-ROUNDER', 'INDIAN'),
('RAVI BISHNOI', 'LSG', 25, 'BOWLER', 'INDIAN'),
('MAYANK YADAV', 'LSG', 26, 'BOWLER', 'INDIAN'),
('MOHSIN KHAN', 'LSG', 26, 'BOWLER', 'INDIAN'),
('AVESH KHAN', 'LSG', 28, 'BOWLER', 'INDIAN'),
('ABDUL SAMAD', 'LSG', 24, 'ALL-ROUNDER', 'INDIAN'),
('AKASH DEEP', 'LSG', 28, 'BOWLER', 'INDIAN'),
('M SIDDHARTH', 'LSG', 27, 'BOWLER', 'INDIAN'),
('SHAMAR JOSEPH', 'LSG', 23, 'BOWLER', 'WEST INDIAN');

							/*Create matches table*/
create table matches (
Match_id int auto_increment primary key, 
Team1_id VARCHAR(100), 
Team2_id VARCHAR(30), 
Match_date date, 
Ground varchar(100), 
Winner_id VARCHAR(30),
foreign key(Team1_id) references teams(Team_id), 
foreign key(Team2_id) references teams(Team_id), 
foreign key(Winner_id) references teams(Team_id)
);

							/*Alter some columns in matches table*/
ALTER TABLE MATCHES CHANGE 
MATCH_ID 
Match_id INT auto_increment, 
auto_increment= 2025001;

							/*Insert values into matches table*/
INSERT INTO MATCHES (TEAM1_ID, TEAM2_ID, MATCH_DATE, GROUND) VALUES
('KKR', 'RCB', '2025-03-22', 'EDEN GARDENS, KOLKATA'),
('SRH', 'RR', '2025-03-23', 'RAJIV GANDHI INTERNATIONAL STADIUM, HYDERABAD'),
('CSK', 'MI', '2025-03-23', 'MA CHIDAMBARAM STADIUM, CHENNAI'),
('DC', 'LSG', '2025-03-24', 'DR. Y.S. RAJASEKHARA REDDY ACA-VDCA CRICKET STADIUM, VISAKHAPATNAM'),
('GT', 'PK', '2025-03-25', 'NARENDRA MODI STADIUM, AHMEDABAD'),
('RR', 'KKR', '2025-03-26', 'BARSAPARA CRICKET STADIUM, GUWAHATI'),
('SRH', 'LSG', '2025-03-27', 'RAJIV GANDHI INTERNATIONAL STADIUM, HYDERABAD'),
('CSK', 'RCB', '2025-03-28', 'MA CHIDAMBARAM STADIUM, CHENNAI'),
('GT', 'MI', '2025-03-29', 'NARENDRA MODI STADIUM, AHMEDABAD'),
('DC', 'SRH', '2025-03-30', 'DR. Y.S. RAJASEKHARA REDDY ACA-VDCA CRICKET STADIUM, VISAKHAPATNAM'),
('PK', 'RR', '2025-03-30', 'IS BINDRA STADIUM, MOHALI'),
('MI', 'LSG', '2025-03-31', 'WANKHEDE STADIUM, MUMBAI'),
('RCB', 'GT', '2025-04-01', 'M CHINNASWAMY STADIUM, BENGALURU'),
('KKR', 'SRH', '2025-04-02', 'EDEN GARDENS, KOLKATA'),
('RR', 'DC', '2025-04-03', 'SAWAI MANSINGH STADIUM, JAIPUR'),
('PK', 'CSK', '2025-04-04', 'IS BINDRA STADIUM, MOHALI'),
('LSG', 'KKR', '2025-04-05', 'EKANA CRICKET STADIUM, LUCKNOW'),
('MI', 'RCB', '2025-04-05', 'WANKHEDE STADIUM, MUMBAI'),
('GT', 'RR', '2025-04-06', 'NARENDRA MODI STADIUM, AHMEDABAD'),
('SRH', 'PK', '2025-04-06', 'RAJIV GANDHI INTERNATIONAL STADIUM, HYDERABAD'),
('CSK', 'DC', '2025-04-07', 'MA CHIDAMBARAM STADIUM, CHENNAI'),
('RCB', 'LSG', '2025-04-08', 'M CHINNASWAMY STADIUM, BENGALURU'),
('MI', 'KKR', '2025-04-09', 'WANKHEDE STADIUM, MUMBAI'),
('RR', 'SRH', '2025-04-10', 'SAWAI MANSINGH STADIUM, JAIPUR'),
('DC', 'GT', '2025-04-11', 'ARUN JAITLEY STADIUM, DELHI'),
('CSK', 'KKR', '2025-04-12', 'MA CHIDAMBARAM STADIUM, CHENNAI'),
('LSG', 'GT', '2025-04-12', 'EKANA CRICKET STADIUM, LUCKNOW'),
('SRH', 'PK', '2025-04-13', 'RAJIV GANDHI INTERNATIONAL STADIUM, HYDERABAD'),
('RR', 'RCB', '2025-04-13', 'SAWAI MANSINGH STADIUM, JAIPUR'),
('DC', 'MI', '2025-04-14', 'ARUN JAITLEY STADIUM, DELHI'),
('PK', 'RCB', '2025-04-15', 'IS BINDRA STADIUM, MOHALI'),
('DC', 'RR', '2025-04-16', 'ARUN JAITLEY STADIUM, DELHI'),
('MI', 'SRH', '2025-04-17', 'WANKHEDE STADIUM, MUMBAI'),
('CSK', 'GT', '2025-04-18', 'MA CHIDAMBARAM STADIUM, CHENNAI'),
('RCB', 'PK', '2025-04-19', 'M CHINNASWAMY STADIUM, BENGALURU'),
('GT', 'DC', '2025-04-19', 'NARENDRA MODI STADIUM, AHMEDABAD'),
('RR', 'LSG', '2025-04-20', 'SAWAI MANSINGH STADIUM, JAIPUR'),
('MI', 'CSK', '2025-04-20', 'WANKHEDE STADIUM, MUMBAI'),
('KKR', 'GT', '2025-04-21', 'EDEN GARDENS, KOLKATA'),
('LSG', 'DC', '2025-04-22', 'EKANA CRICKET STADIUM, LUCKNOW'),
('SRH', 'MI', '2025-04-23', 'RAJIV GANDHI INTERNATIONAL STADIUM, HYDERABAD'),
('RCB', 'RR', '2025-04-24', 'M CHINNASWAMY STADIUM, BENGALURU'),
('CSK', 'SRH', '2025-04-25', 'MA CHIDAMBARAM STADIUM, CHENNAI'),
('KKR', 'PK', '2025-04-26', 'EDEN GARDENS, KOLKATA'),
('MI', 'LSG', '2025-04-26', 'WANKHEDE STADIUM, MUMBAI'),
('DC', 'RCB', '2025-04-27', 'ARUN JAITLEY STADIUM, DELHI'),
('RR', 'GT', '2025-04-27', 'SAWAI MANSINGH STADIUM, JAIPUR'),
('DC', 'KKR', '2025-04-28', 'ARUN JAITLEY STADIUM, DELHI');

							/*Create table Trainingsession*/
create table trainingsessions(
Team_id varchar(30), 
Session_date Date, 
Duration_in_min int,
foreign key(Team_id) references teams(Team_id)
);

							/* Insert into Trainingsessions*/
INSERT INTO TrainingSessions (Team_id, Session_date, Duration_in_min) VALUES
('CSK', '2025-03-01', 120),
('CSK', '2025-03-05', 90),
('DC', '2025-03-02', 110),
('DC', '2025-03-06', 95),
('GT', '2025-03-03', 100),
("GT", '2025-03-07', 130),
("KKR", '2025-03-04', 105),
("KKR", '2025-03-08', 115),
("LSG", '2025-03-01', 140),
('LSG', '2025-03-05', 125),
("MI", '2025-03-02', 110),
("MI", '2025-03-06', 135),
('PK', '2025-03-03', 120),
('PK', '2025-03-07', 100),
('RCB', '2025-03-04', 130),
('RCB', '2025-03-08', 145),
('RR', '2025-03-01', 90),
('RR', '2025-03-05', 105),
('SRH', '2025-03-02', 115),
('SRH', '2025-03-06', 125);

								/*Create table scores*/
create table scores (
Match_id int, 
Team1_id varchar(30), 
Team1_score int default(0),
Team1_wicket int default(0),
Team2_id varchar(30), 
Team2_score int default(0),
Team2_wicket int default(0),
Winner varchar(30) default (null),
foreign key(Match_id) references Matches(Match_id), 
foreign key(Team1_id) references teams(Team_id),
foreign key(Team2_id) references teams(team_id), 
foreign key(Winner) references teams(Team_id)
);

								/*Insert values to scores*/
insert into scores values 
(2025001, 'KKR', 174, 8,'RCB', 177, 3, 'RCB'),
(2025002, 'SRH', 286, 6,'RR', 242, 6, 'SRH'),
(2025003, 'MI', 155, 9, 'CSK', 158, 6, 'CSK'),
(2025004, 'LSG', 209, 8, 'DC', 211, 9, 'DC'),
(2025005, 'PK', 243, 5, 'GT', 232, 5, 'PK');

								/*TO VIEW STRUCTURE OF TABLE*/
DESC SPORTS;
DESC SPORTROPHY;
DESC COACHES;
DESC TEAMS;
DESC PLAYERS;
DESC MATCHES;
DESC trainingsessions;
DESC SCORES;

								/*TO VIEW DATA IN TABLES*/
select * from SPORTS;
SELECT * from SPORTROPHY;
SELECT * FROM COACHES;
SELECT * FROM TEAMS;
SELECT * FROM PLAYERS;
SELECT * FROM MATCHES;
SELECT * FROM TRAININGSESSIONS;
SELECT * FROM SCORES;

								/*WHERE CLAUSE -- FILTER PLAYERS OF CSK*/
SELECT * FROM PLAYERS 
WHERE 
TEAM_ID = 'CSK';
								/* SELECT TEAM NAME AND HOME GROUND FROM TEAMS FOUNDED AFTER 2015*/
SELECT TEAM_NAME, HOME_GROUND 
FROM TEAMS 
WHERE FOUNDED_YEAR > 2015;
								/*GROUP BY PLAYERS WITH THIER TEAMS*/
SELECT COUNT(player_name) AS NOOFPLAYERS, 
TEAM_ID 
FROM Players 
group by TEAM_ID; 
								/*Remove unwanted column*/
ALTER TABLE MATCHES 
DROP WINNER_ID;
								/*REMOVE FOREIGN KEY*/
ALTER TABLE MATCHES DROP 
foreign key 
MATCHES_IBFK_3 ;
								/*TO DROP COLUMN*/
ALTER TABLE MATCHES 
DROP WINNER_ID;
								/*TO VIEW COLUMNS*/
DESC MATCHES;
								/* SELECT */
SELECT * FROM SPORTS;

								/*RETRIVE SELECTED ITEMS*/
SELECT COACH_NAME, EXPERINCE_YEARS FROM COACHES;

								/* IN */
SELECT * FROM MATCHES WHERE TEAM1_ID = 'CSK' AND TEAM2_ID = 'RCB';

								/* LIMIT */
SELECT * FROM PLAYERS WHERE TEAM_ID = 'MI' LIMIT 5;

								/* LOGICAL AND (&&) */
SELECT * FROM PLAYERS 
WHERE 
TEAM_ID = 'CSK' && AGE > 30;

								/* OR (||) */
SELECT * FROM MATCHES
WHERE
TEAM1_ID = 'MI' || TEAM2_ID = 'MI';

								/* NOT (!) */
SELECT * FROM MATCHES
WHERE
!(TEAM1_ID = 'MI' || TEAM2_ID = 'MI')
LIMIT 5;

								/* COUNT */
SELECT COUNT(*) FROM COACHES;
								/* MIN */
SELECT MIN(TEAM1_SCORE) FROM SCORES ;
								/* MAX */
SELECT MAX(TEAM1_SCORE) FROM SCORES;
								/*MIN*/
SELECT AVG(TEAM1_SCORE) FROM SCORES;
								/* SUM */
SELECT SUM(TEAM1_SCORE) FROM SCORES;

								/* BETWEEN AND */
SELECT * FROM MATCHES WHERE MATCH_ID
BETWEEN 2025003 AND 2025006;
								/* LIKE */
SELECT * FROM TEAMS WHERE TEAM_ID LIKE '%K%';
								/* DISTINCT */
SELECT DISTINCT SPORTS_ID, TEAM_ID FROM TEAMS;
								/* AS */
SELECT count(*) AS COUNT FROM MATCHES;

								/* ORDER BY */
                                /* ASC */
SELECT * FROM TEAMS ORDER BY TEAM_ID ASC;
								/* DESC */
SELECT * FROM TEAMS ORDER BY TEAM_ID DESC;

								/* HAVING */
SELECT COUNT(MATCH_ID), GROUND FROM MATCHES 
GROUP BY GROUND 
HAVING COUNT(MATCH_ID) > 3;

								/*JOINS*/
                                /*INNER JOIN*/
SELECT A.COACH_NAME, B.TEAM_NAME FROM COACHES AS A 
INNER JOIN 
TEAMS AS B 
ON A.COACH_ID = B.COACH_ID;
								/*LEFT JOIN*/
SELECT A.PLAYER_NAME, B.TEAM_NAME, A.POSITION FROM PLAYERS AS A 
LEFT JOIN TEAMS AS B
ON A.TEAM_ID = B.TEAM_ID
WHERE A.TEAM_ID = 'KKR' LIMIT 5;
								/*RIGHT JOIN*/
SELECT A.PLAYER_NAME, B.TEAM_NAME, A.POSITION FROM PLAYERS AS A 
LEFT JOIN TEAMS AS B
ON A.TEAM_ID = B.TEAM_ID
WHERE B.FOUNDED_YEAR > 2010 LIMIT 5;

								/* CREATE VIEW */
CREATE VIEW CHEPUKCSK AS
SELECT TEAM1_ID, TEAM2_ID, GROUND FROM
MATCHES WHERE
TEAM1_ID = 'CSK' || TEAM2_ID = 'CSK' && 
GROUND LIKE '%CHENNAI' ;
								/* OUTPUT OF VIEW */
SELECT * FROM CHEPUKCSK;
								/* UPDATE */
UPDATE CHEPUKCSK SET TEAM2_ID = 'RCB';
								/* DROP */
DROP VIEW CHEPUKCSK;
								/* SUB QUERY */
SELECT * FROM TEAMS 
WHERE 
COACH_ID = 
(SELECT COACH_ID FROM 
COACHES WHERE 
COACH_ID = 002);

								/* CONTROL FLOW FUNCTIONS */
SELECT PLAYER_NAME, 
IF (
POSITION = 'BATTER', 'READY TO PLAY', 'BATTERS NEEDED') 
AS BATTINGSELECTION 
FROM 
PLAYERS 
WHERE TEAM_ID = 'RCB' 
LIMIT 10;

								/*CASE*/
SELECT PLAYER_NAME, TEAM_ID,
CASE
	WHEN POSITION = 'BATTER' THEN 'FIT FOR BATTING'
    WHEN POSITION = 'BOWLER' THEN 'FIT FOR BOWLING'
    WHEN POSITION = 'ALL-ROUNDER' THEN 'SUITS FOR BATTING AND BOWLING'
    WHEN POSITION = 'WICKET-KEEPER BATTER' THEN 'FIT FOR KEEPING'
END AS SELECTION
FROM PLAYERS WHERE TEAM_ID = 'RCB' LIMIT 10;

								/* TRIGGER */
